ProductKey,OrderDateKey,DueDateKey,ShipDateKey,CustomerKey,SalesOrderNumber,SalesAmount
381,20200101,20200113,20200108,16942,SO46700,1000.4375
375,20200101,20200113,20200108,15114,SO46701,2181.5625
369,20200101,20200113,20200108,15116,SO46702,2443.35
337,20200101,20200113,20200108,20576,SO46703,782.99
370,20200101,20200113,20200108,13059,SO46704,2443.35
370,20200101,20200113,20200108,13085,SO46705,2443.35
352,20200101,20200113,20200108,20186,SO46706,2071.4196
337,20200101,20200113,20200108,15199,SO46707,782.99
377,20200101,20200113,20200108,21200,SO46708,2181.5625
387,20200102,20200114,20200109,19172,SO46709,1000.4375
356,20200102,20200114,20200109,11484,SO46710,2071.4196
369,20200102,20200114,20200109,13592,SO46711,2443.35
373,20200102,20200114,20200109,13779,SO46712,2181.5625
371,20200102,20200114,20200109,24778,SO46713,2181.5625
368,20200102,20200114,20200109,13093,SO46714,2443.35
375,20200102,20200114,20200109,24976,SO46715,2181.5625
375,20200102,20200114,20200109,25046,SO46716,2181.5625
368,20200102,20200114,20200109,25048,SO46717,2443.35
360,20200102,20200114,20200109,12570,SO46718,2049.0982
362,20200103,20200115,20200110,11604,SO46719,2049.0982
371,20200103,20200115,20200110,13667,SO46720,2181.5625
370,20200103,20200115,20200110,16046,SO46721,2443.35
385,20200103,20200115,20200110,17095,SO46722,1000.4375
368,20200103,20200115,20200110,12918,SO46723,2443.35
368,20200103,20200115,20200110,28663,SO46724,2443.35
369,20200103,20200115,20200110,21191,SO46725,2443.35
373,20200103,20200115,20200110,20999,SO46726,2181.5625
370,20200103,20200115,20200110,21002,SO46727,2443.35
358,20200103,20200115,20200110,12354,SO46728,2049.0982
321,20200103,20200115,20200110,26019,SO46729,782.99
379,20200104,20200116,20200111,15100,SO46730,2181.5625
371,20200104,20200116,20200111,15101,SO46731,2181.5625
385,20200104,20200116,20200111,13992,SO46732,1000.4375
375,20200104,20200116,20200111,24781,SO46733,2181.5625
375,20200104,20200116,20200111,13060,SO46734,2181.5625
371,20200104,20200116,20200111,13226,SO46735,2181.5625
360,20200104,20200116,20200111,12341,SO46736,2049.0982
354,20200104,20200116,20200111,12346,SO46737,2071.4196
362,20200104,20200116,20200111,12576,SO46738,2049.0982
373,20200105,20200117,20200112,15699,SO46739,2181.5625
379,20200105,20200117,20200112,12980,SO46740,2181.5625
370,20200105,20200117,20200112,28766,SO46741,2443.35
358,20200105,20200117,20200112,20206,SO46742,2049.0982
373,20200105,20200117,20200112,21183,SO46743,2181.5625
370,20200105,20200117,20200112,21199,SO46744,2443.35
369,20200106,20200118,20200113,13056,SO46745,2443.35
368,20200106,20200118,20200113,13057,SO46746,2443.35
360,20200106,20200118,20200113,26127,SO46747,2049.0982
360,20200106,20200118,20200113,26252,SO46748,2049.0982
354,20200106,20200118,20200113,12350,SO46749,2071.4196
377,20200107,20200119,20200114,16054,SO46750,2181.5625
377,20200107,20200119,20200114,12934,SO46751,2181.5625
343,20200107,20200119,20200114,19931,SO46752,782.99
379,20200107,20200119,20200114,21215,SO46753,2181.5625
321,20200107,20200119,20200114,25958,SO46754,782.99
343,20200107,20200119,20200114,26023,SO46755,782.99
383,20200107,20200119,20200114,13993,SO46756,1000.4375
354,20200108,20200120,20200115,26174,SO46757,2071.4196
387,20200108,20200120,20200115,18130,SO46758,1000.4375
373,20200108,20200120,20200115,16033,SO46759,2181.5625
387,20200108,20200120,20200115,13986,SO46760,1000.4375
325,20200108,20200120,20200115,19924,SO46761,782.99
368,20200108,20200120,20200115,13063,SO46762,2443.35
375,20200108,20200120,20200115,13202,SO46763,2181.5625
360,20200108,20200120,20200115,26238,SO46764,2049.0982
333,20200108,20200120,20200115,15191,SO46765,782.99
369,20200108,20200120,20200115,21216,SO46766,2443.35
362,20200108,20200120,20200115,12573,SO46767,2049.0982
339,20200108,20200120,20200115,26020,SO46768,782.99
377,20200109,20200121,20200116,15702,SO46769,2181.5625
370,20200109,20200121,20200116,15357,SO46770,2443.35
377,20200109,20200121,20200116,13068,SO46771,2181.5625
375,20200109,20200121,20200116,13161,SO46772,2181.5625
371,20200109,20200121,20200116,13173,SO46773,2181.5625
375,20200109,20200121,20200116,13225,SO46774,2181.5625
352,20200109,20200121,20200116,26249,SO46775,2071.4196
360,20200109,20200121,20200116,12356,SO46776,2049.0982
356,20200110,20200122,20200117,11568,SO46777,2071.4196
352,20200110,20200122,20200117,11610,SO46778,2071.4196
377,20200110,20200122,20200117,15929,SO46779,2181.5625
379,20200110,20200122,20200117,12942,SO46780,2181.5625
379,20200110,20200122,20200117,12949,SO46781,2181.5625
371,20200110,20200122,20200117,12975,SO46782,2181.5625
337,20200110,20200122,20200117,19069,SO46783,782.99
375,20200110,20200122,20200117,13178,SO46784,2181.5625
373,20200110,20200122,20200117,13190,SO46785,2181.5625
354,20200110,20200122,20200117,26201,SO46786,2071.4196
333,20200110,20200122,20200117,15195,SO46787,782.99
358,20200110,20200122,20200117,12342,SO46788,2049.0982
358,20200111,20200123,20200118,28506,SO46789,2049.0982
379,20200111,20200123,20200118,12930,SO46790,2181.5625
369,20200111,20200123,20200118,13016,SO46791,2443.35
373,20200111,20200123,20200118,13083,SO46792,2181.5625
375,20200111,20200123,20200118,13214,SO46793,2181.5625
373,20200111,20200123,20200118,24977,SO46794,2181.5625
362,20200111,20200123,20200118,26234,SO46795,2049.0982
360,20200111,20200123,20200118,26247,SO46796,2049.0982
371,20200111,20200123,20200118,21197,SO46797,2181.5625
368,20200111,20200123,20200118,21201,SO46798,2443.35
371,20200112,20200124,20200119,13662,SO46799,2181.5625
370,20200112,20200124,20200119,13019,SO46800,2443.35
368,20200112,20200124,20200119,25094,SO46801,2443.35
337,20200112,20200124,20200119,15188,SO46802,782.99
379,20200113,20200125,20200120,13595,SO46803,2181.5625
323,20200113,20200125,20200120,19052,SO46804,782.99
373,20200113,20200125,20200120,13055,SO46805,2181.5625
370,20200113,20200125,20200120,21195,SO46806,2443.35
354,20200113,20200125,20200120,12339,SO46807,2071.4196
360,20200113,20200125,20200120,12347,SO46808,2049.0982
371,20200114,20200126,20200121,13766,SO46809,2181.5625
370,20200114,20200126,20200121,15622,SO46810,2443.35
369,20200114,20200126,20200121,12941,SO46811,2443.35
371,20200114,20200126,20200121,13069,SO46812,2181.5625
379,20200114,20200126,20200121,13152,SO46813,2181.5625
371,20200114,20200126,20200121,13165,SO46814,2181.5625
375,20200114,20200126,20200121,25093,SO46815,2181.5625
370,20200114,20200126,20200121,13230,SO46816,2443.35
356,20200114,20200126,20200121,26121,SO46817,2071.4196
369,20200114,20200126,20200121,21211,SO46818,2443.35
368,20200114,20200126,20200121,21001,SO46819,2443.35
352,20200115,20200127,20200122,28510,SO46820,2071.4196
377,20200115,20200127,20200122,24824,SO46821,2181.5625
325,20200115,20200127,20200122,15155,SO46822,782.99
323,20200115,20200127,20200122,15193,SO46823,782.99
385,20200115,20200127,20200122,24608,SO46824,1000.4375
354,20200115,20200127,20200122,12574,SO46825,2071.4196
360,20200115,20200127,20200122,12575,SO46826,2049.0982
373,20200116,20200128,20200123,13799,SO46827,2181.5625
385,20200116,20200128,20200123,13990,SO46828,1000.4375
369,20200116,20200128,20200123,24786,SO46829,2443.35
337,20200116,20200128,20200123,19910,SO46830,782.99
369,20200116,20200128,20200123,13066,SO46831,2443.35
352,20200116,20200128,20200123,20188,SO46832,2071.4196
354,20200116,20200128,20200123,12360,SO46833,2071.4196
379,20200116,20200128,20200123,12923,SO46834,2181.5625
371,20200117,20200129,20200124,13768,SO46835,2181.5625
377,20200117,20200129,20200124,13769,SO46836,2181.5625
381,20200117,20200129,20200124,14003,SO46837,1000.4375
375,20200117,20200129,20200124,12922,SO46838,2181.5625
375,20200117,20200129,20200124,24817,SO46839,2181.5625
369,20200117,20200129,20200124,13058,SO46840,2443.35
371,20200117,20200129,20200124,13174,SO46841,2181.5625
321,20200117,20200129,20200124,15166,SO46842,782.99
375,20200117,20200129,20200124,21168,SO46843,2181.5625
358,20200117,20200129,20200124,12343,SO46844,2049.0982
358,20200118,20200130,20200125,11603,SO46845,2049.0982
373,20200118,20200130,20200125,13575,SO46846,2181.5625
371,20200118,20200130,20200125,13793,SO46847,2181.5625
371,20200118,20200130,20200125,16201,SO46848,2181.5625
370,20200118,20200130,20200125,24960,SO46849,2443.35
370,20200118,20200130,20200125,13221,SO46850,2443.35
360,20200118,20200130,20200125,20209,SO46851,2049.0982
333,20200118,20200130,20200125,15194,SO46852,782.99
368,20200118,20200130,20200125,21192,SO46853,2443.35
375,20200118,20200130,20200125,20997,SO46854,2181.5625
379,20200119,20200131,20200126,15117,SO46855,2181.5625
370,20200119,20200131,20200126,12935,SO46856,2443.35
371,20200119,20200131,20200126,13064,SO46857,2181.5625
370,20200119,20200131,20200126,13067,SO46858,2443.35
370,20200119,20200131,20200126,13205,SO46859,2443.35
371,20200119,20200131,20200126,21180,SO46860,2181.5625
377,20200119,20200131,20200126,21214,SO46861,2181.5625
362,20200120,20200201,20200127,11550,SO46862,2049.0982
362,20200120,20200201,20200127,11575,SO46863,2049.0982
373,20200120,20200201,20200127,16045,SO46864,2181.5625
375,20200120,20200201,20200127,15456,SO46865,2181.5625
369,20200120,20200201,20200127,12981,SO46866,2443.35
377,20200120,20200201,20200127,13029,SO46867,2181.5625
369,20200120,20200201,20200127,13189,SO46868,2443.35
379,20200121,20200202,20200128,13577,SO46869,2181.5625
368,20200121,20200202,20200128,13605,SO46870,2443.35
370,20200121,20200202,20200128,13800,SO46871,2443.35
385,20200121,20200202,20200128,19186,SO46872,1000.4375
377,20200121,20200202,20200128,21167,SO46873,2181.5625
381,20200121,20200202,20200128,24606,SO46874,1000.4375
362,20200122,20200203,20200129,11470,SO46875,2049.0982
375,20200122,20200203,20200129,15084,SO46876,2181.5625
370,20200122,20200203,20200129,12926,SO46877,2443.35
369,20200122,20200203,20200129,25061,SO46878,2443.35
379,20200122,20200203,20200129,13224,SO46879,2181.5625
335,20200122,20200203,20200129,15167,SO46880,782.99
354,20200122,20200203,20200129,12572,SO46881,2071.4196
343,20200122,20200203,20200129,25960,SO46882,782.99
352,20200122,20200203,20200129,26241,SO46883,2071.4196
368,20200123,20200204,20200130,13565,SO46884,2443.35
373,20200123,20200204,20200130,15933,SO46885,2181.5625
377,20200123,20200204,20200130,28669,SO46886,2181.5625
362,20200123,20200204,20200130,12340,SO46887,2049.0982
325,20200123,20200204,20200130,26021,SO46888,782.99
383,20200124,20200205,20200131,19173,SO46889,1000.4375
368,20200124,20200205,20200131,12921,SO46890,2443.35
325,20200124,20200205,20200131,20592,SO46891,782.99
370,20200124,20200205,20200131,13086,SO46892,2443.35
369,20200124,20200205,20200131,28659,SO46893,2443.35
356,20200124,20200205,20200131,26120,SO46894,2071.4196
354,20200124,20200205,20200131,26183,SO46895,2071.4196
333,20200124,20200205,20200131,15189,SO46896,782.99
368,20200124,20200205,20200131,21179,SO46897,2443.35
369,20200124,20200205,20200131,21205,SO46898,2443.35
381,20200125,20200206,20200201,13999,SO46899,1000.4375
375,20200125,20200206,20200201,21194,SO46900,2181.5625
375,20200125,20200206,20200201,21203,SO46901,2181.5625
375,20200125,20200206,20200201,21000,SO46902,2181.5625
354,20200125,20200206,20200201,12353,SO46903,2071.4196
387,20200126,20200207,20200202,17080,SO46904,1000.4375
375,20200126,20200207,20200202,16053,SO46905,2181.5625
368,20200126,20200207,20200202,12950,SO46906,2443.35
368,20200126,20200207,20200202,13087,SO46907,2443.35
370,20200126,20200207,20200202,21189,SO46908,2443.35
379,20200126,20200207,20200202,20998,SO46909,2181.5625
331,20200127,20200208,20200203,20710,SO46910,782.99
377,20200127,20200208,20200203,24832,SO46911,2181.5625
377,20200127,20200208,20200203,13177,SO46912,2181.5625
375,20200127,20200208,20200203,13212,SO46913,2181.5625
356,20200127,20200208,20200203,26245,SO46914,2071.4196
362,20200127,20200208,20200203,26276,SO46915,2049.0982
329,20200127,20200208,20200203,15196,SO46916,782.99
371,20200127,20200208,20200203,21202,SO46917,2181.5625
343,20200127,20200208,20200203,26022,SO46918,782.99
362,20200127,20200208,20200203,11481,SO46919,2049.0982
362,20200128,20200209,20200204,11609,SO46920,2049.0982
371,20200128,20200209,20200204,15454,SO46921,2181.5625
368,20200128,20200209,20200204,13088,SO46922,2443.35
369,20200128,20200209,20200204,13176,SO46923,2443.35
375,20200128,20200209,20200204,13203,SO46924,2181.5625
373,20200128,20200209,20200204,21165,SO46925,2181.5625
377,20200128,20200209,20200204,21169,SO46926,2181.5625
362,20200128,20200209,20200204,12348,SO46927,2049.0982
356,20200128,20200209,20200204,12358,SO46928,2071.4196
370,20200129,20200210,20200205,13246,SO47068,2443.35
383,20200129,20200210,20200205,14017,SO47069,1000.4375
387,20200129,20200210,20200205,14025,SO47070,1000.4375
369,20200129,20200210,20200205,15667,SO47071,2443.35
341,20200129,20200210,20200205,20062,SO47072,782.99
369,20200129,20200210,20200205,25287,SO47073,2443.35
362,20200129,20200210,20200205,26293,SO47074,2049.0982
360,20200129,20200210,20200205,12685,SO47075,2049.0982
362,20200129,20200210,20200205,12588,SO47076,2049.0982
369,20200130,20200211,20200206,16329,SO47077,2443.35
375,20200130,20200211,20200206,13248,SO47078,2181.5625
375,20200130,20200211,20200206,13359,SO47079,2181.5625
360,20200130,20200211,20200206,26302,SO47080,2049.0982
341,20200130,20200211,20200206,15203,SO47081,782.99
323,20200130,20200211,20200206,15254,SO47082,782.99
329,20200130,20200211,20200206,15288,SO47083,782.99
370,20200130,20200211,20200206,21561,SO47084,2443.35
379,20200131,20200212,20200207,16311,SO47085,2181.5625
373,20200131,20200212,20200207,13378,SO47086,2181.5625
377,20200131,20200212,20200207,13383,SO47087,2181.5625
369,20200131,20200212,20200207,13274,SO47088,2443.35
341,20200131,20200212,20200207,15284,SO47089,782.99
377,20200131,20200212,20200207,21394,SO47090,2181.5625
354,20200201,20200213,20200208,28532,SO47091,2071.4196
369,20200201,20200213,20200208,28802,SO47092,2443.35
369,20200201,20200213,20200208,13380,SO47093,2443.35
377,20200201,20200213,20200208,15664,SO47094,2181.5625
370,20200201,20200213,20200208,25095,SO47095,2443.35
354,20200201,20200213,20200208,26283,SO47096,2071.4196
370,20200201,20200213,20200208,21257,SO47097,2443.35
360,20200201,20200213,20200208,12667,SO47098,2049.0982
325,20200201,20200213,20200208,26134,SO47099,782.99
360,20200202,20200214,20200209,11612,SO47100,2049.0982
371,20200202,20200214,20200209,16260,SO47101,2181.5625
370,20200202,20200214,20200209,13424,SO47102,2443.35
368,20200202,20200214,20200209,13369,SO47103,2443.35
379,20200202,20200214,20200209,13279,SO47104,2181.5625
371,20200202,20200214,20200209,13319,SO47105,2181.5625
369,20200202,20200214,20200209,25361,SO47106,2443.35
352,20200203,20200215,20200210,11616,SO47107,2071.4196
369,20200203,20200215,20200210,13839,SO47108,2443.35
375,20200203,20200215,20200210,28819,SO47109,2181.5625
370,20200203,20200215,20200210,28850,SO47110,2443.35
369,20200203,20200215,20200210,25100,SO47111,2443.35
356,20200203,20200215,20200210,20318,SO47112,2071.4196
343,20200203,20200215,20200210,15255,SO47113,782.99
373,20200203,20200215,20200210,21387,SO47114,2181.5625
370,20200203,20200215,20200210,21393,SO47115,2443.35
387,20200203,20200215,20200210,24611,SO47116,1000.4375
354,20200203,20200215,20200210,12586,SO47117,2071.4196
362,20200203,20200215,20200210,28541,SO47118,2049.0982
368,20200204,20200216,20200211,16275,SO47119,2443.35
381,20200204,20200216,20200211,14006,SO47120,1000.4375
375,20200204,20200216,20200211,28832,SO47121,2181.5625
371,20200204,20200216,20200211,13362,SO47122,2181.5625
371,20200204,20200216,20200211,25408,SO47123,2181.5625
371,20200204,20200216,20200211,13384,SO47124,2181.5625
375,20200204,20200216,20200211,13325,SO47125,2181.5625
371,20200204,20200216,20200211,13326,SO47126,2181.5625
371,20200204,20200216,20200211,21258,SO47127,2181.5625
368,20200204,20200216,20200211,21556,SO47128,2443.35
352,20200204,20200216,20200211,12677,SO47129,2071.4196
375,20200205,20200217,20200212,16406,SO47130,2181.5625
371,20200205,20200217,20200212,13243,SO47131,2181.5625
375,20200205,20200217,20200212,13283,SO47132,2181.5625
379,20200205,20200217,20200212,13357,SO47133,2181.5625
354,20200205,20200217,20200212,26296,SO47134,2071.4196
343,20200205,20200217,20200212,27027,SO47135,782.99
379,20200205,20200217,20200212,21389,SO47136,2181.5625
371,20200205,20200217,20200212,13348,SO47137,2181.5625
379,20200206,20200218,20200213,16308,SO47138,2181.5625
375,20200206,20200218,20200213,13238,SO47139,2181.5625
356,20200206,20200218,20200213,26290,SO47140,2071.4196
371,20200206,20200218,20200213,21225,SO47141,2181.5625
369,20200206,20200218,20200213,21230,SO47142,2443.35
362,20200206,20200218,20200213,12684,SO47143,2049.0982
343,20200206,20200218,20200213,26033,SO47144,782.99
339,20200206,20200218,20200213,26131,SO47145,782.99
389,20200207,20200219,20200214,18133,SO47146,1000.4375
375,20200207,20200219,20200214,13324,SO47147,2181.5625
377,20200207,20200219,20200214,21259,SO47148,2181.5625
360,20200207,20200219,20200214,12669,SO47149,2049.0982
370,20200208,20200220,20200215,15625,SO47150,2443.35
370,20200208,20200220,20200215,25363,SO47151,2443.35
360,20200208,20200220,20200215,28547,SO47152,2049.0982
321,20200208,20200220,20200215,26024,SO47153,782.99
335,20200208,20200220,20200215,26133,SO47154,782.99
370,20200209,20200221,20200216,13801,SO47155,2443.35
373,20200209,20200221,20200216,28837,SO47156,2181.5625
369,20200209,20200221,20200216,25864,SO47157,2443.35
360,20200209,20200221,20200216,26280,SO47158,2049.0982
362,20200209,20200221,20200216,26300,SO47159,2049.0982
369,20200209,20200221,20200216,21403,SO47160,2443.35
375,20200209,20200221,20200216,21408,SO47161,2181.5625
371,20200209,20200221,20200216,21418,SO47162,2181.5625
362,20200209,20200221,20200216,12671,SO47163,2049.0982
360,20200210,20200222,20200217,12123,SO47164,2049.0982
370,20200210,20200222,20200217,15649,SO47165,2443.35
368,20200210,20200222,20200217,15656,SO47166,2443.35
375,20200210,20200222,20200217,13419,SO47167,2181.5625
377,20200210,20200222,20200217,13286,SO47168,2181.5625
352,20200210,20200222,20200217,26281,SO47169,2071.4196
377,20200210,20200222,20200217,21228,SO47170,2181.5625
373,20200210,20200222,20200217,21552,SO47171,2181.5625
352,20200210,20200222,20200217,12668,SO47172,2071.4196
356,20200210,20200222,20200217,12675,SO47173,2071.4196
354,20200210,20200222,20200217,12584,SO47174,2071.4196
368,20200210,20200222,20200217,13812,SO47175,2443.35
358,20200211,20200223,20200218,11492,SO47176,2049.0982
381,20200211,20200223,20200218,14022,SO47177,1000.4375
383,20200211,20200223,20200218,14026,SO47178,1000.4375
377,20200211,20200223,20200218,28848,SO47179,2181.5625
370,20200211,20200223,20200218,13287,SO47180,2443.35
368,20200211,20200223,20200218,13329,SO47181,2443.35
354,20200211,20200223,20200218,26298,SO47182,2071.4196
335,20200211,20200223,20200218,15200,SO47183,782.99
379,20200211,20200223,20200218,21380,SO47184,2181.5625
356,20200211,20200223,20200218,12133,SO47185,2071.4196
371,20200212,20200224,20200219,13806,SO47186,2181.5625
385,20200212,20200224,20200219,18134,SO47187,1000.4375
389,20200212,20200224,20200219,19253,SO47188,1000.4375
373,20200212,20200224,20200219,28818,SO47189,2181.5625
369,20200212,20200224,20200219,25892,SO47190,2443.35
379,20200212,20200224,20200219,13382,SO47191,2181.5625
371,20200212,20200224,20200219,16328,SO47192,2181.5625
329,20200212,20200224,20200219,20162,SO47193,782.99
377,20200212,20200224,20200219,13269,SO47194,2181.5625
371,20200212,20200224,20200219,13355,SO47195,2181.5625
362,20200212,20200224,20200219,26286,SO47196,2049.0982
377,20200212,20200224,20200219,21218,SO47197,2181.5625
370,20200213,20200225,20200220,14169,SO47198,2443.35
323,20200213,20200225,20200220,20051,SO47199,782.99
373,20200213,20200225,20200220,13247,SO47200,2181.5625
356,20200213,20200225,20200220,26277,SO47201,2071.4196
356,20200213,20200225,20200220,26285,SO47202,2071.4196
370,20200214,20200226,20200221,25883,SO47203,2443.35
377,20200214,20200226,20200221,25371,SO47204,2181.5625
352,20200214,20200226,20200221,26301,SO47205,2071.4196
333,20200214,20200226,20200221,15256,SO47206,782.99
337,20200214,20200226,20200221,27043,SO47207,782.99
369,20200214,20200226,20200221,21359,SO47208,2443.35
370,20200214,20200226,20200221,21379,SO47209,2443.35
389,20200214,20200226,20200221,24609,SO47210,1000.4375
362,20200214,20200226,20200221,12578,SO47211,2049.0982
360,20200214,20200226,20200221,12580,SO47212,2049.0982
377,20200215,20200227,20200222,16287,SO47213,2181.5625
389,20200215,20200227,20200222,19195,SO47214,1000.4375
368,20200215,20200227,20200222,28836,SO47215,2443.35
360,20200215,20200227,20200222,26299,SO47216,2049.0982
375,20200215,20200227,20200222,21222,SO47217,2181.5625
369,20200215,20200227,20200222,21361,SO47218,2443.35
362,20200215,20200227,20200222,12577,SO47219,2049.0982
358,20200215,20200227,20200222,12579,SO47220,2049.0982
370,20200216,20200228,20200223,13823,SO47221,2443.35
381,20200216,20200228,20200223,26316,SO47222,1000.4375
370,20200216,20200228,20200223,25875,SO47223,2443.35
369,20200216,20200228,20200223,15659,SO47224,2443.35
375,20200216,20200228,20200223,13277,SO47225,2181.5625
368,20200216,20200228,20200223,13314,SO47226,2443.35
375,20200216,20200228,20200223,25288,SO47227,2181.5625
375,20200216,20200228,20200223,13237,SO47228,2181.5625
358,20200216,20200228,20200223,26295,SO47229,2049.0982
371,20200216,20200228,20200223,21256,SO47230,2181.5625
362,20200216,20200228,20200223,11564,SO47231,2049.0982
373,20200217,20200229,20200224,15627,SO47232,2181.5625
379,20200217,20200229,20200224,16250,SO47233,2181.5625
389,20200217,20200229,20200224,19260,SO47234,1000.4375
375,20200217,20200229,20200224,16317,SO47235,2181.5625
385,20200217,20200229,20200224,14023,SO47236,1000.4375
368,20200217,20200229,20200224,28834,SO47237,2443.35
370,20200217,20200229,20200224,16405,SO47238,2443.35
371,20200217,20200229,20200224,21384,SO47239,2181.5625
381,20200217,20200229,20200224,24612,SO47240,1000.4375
368,20200217,20200229,20200224,21559,SO47241,2443.35
362,20200217,20200229,20200224,28540,SO47242,2049.0982
339,20200217,20200229,20200224,20712,SO47243,782.99
385,20200218,20200301,20200225,19193,SO47244,1000.4375
375,20200218,20200301,20200225,16420,SO47245,2181.5625
343,20200218,20200301,20200225,20713,SO47246,782.99
371,20200218,20200301,20200225,13292,SO47247,2181.5625
375,20200218,20200301,20200225,13340,SO47248,2181.5625
377,20200218,20200301,20200225,13346,SO47249,2181.5625
379,20200218,20200301,20200225,21217,SO47250,2181.5625
377,20200218,20200301,20200225,21226,SO47251,2181.5625
352,20200218,20200301,20200225,12676,SO47252,2071.4196
356,20200218,20200301,20200225,12683,SO47253,2071.4196
333,20200219,20200302,20200226,15276,SO47254,782.99
358,20200219,20200302,20200226,11561,SO47255,2049.0982
373,20200219,20200302,20200226,16417,SO47256,2181.5625
368,20200219,20200302,20200226,14141,SO47257,2443.35
377,20200219,20200302,20200226,13298,SO47258,2181.5625
375,20200219,20200302,20200226,13351,SO47259,2181.5625
375,20200219,20200302,20200226,13233,SO47260,2181.5625
362,20200219,20200302,20200226,26305,SO47261,2049.0982
379,20200219,20200302,20200226,21560,SO47262,2181.5625
358,20200219,20200302,20200226,12589,SO47263,2049.0982
368,20200220,20200303,20200227,16410,SO47264,2443.35
375,20200220,20200303,20200227,13250,SO47265,2181.5625
377,20200220,20200303,20200227,21555,SO47266,2181.5625
352,20200220,20200303,20200227,12674,SO47267,2071.4196
375,20200220,20200303,20200227,21402,SO47268,2181.5625
362,20200221,20200304,20200228,28512,SO47269,2049.0982
360,20200221,20200304,20200228,28519,SO47270,2049.0982
381,20200221,20200304,20200228,18140,SO47271,1000.4375
371,20200221,20200304,20200228,29013,SO47272,2181.5625
368,20200221,20200304,20200228,13420,SO47273,2443.35
370,20200221,20200304,20200228,16407,SO47274,2443.35
339,20200221,20200304,20200228,19076,SO47275,782.99
343,20200221,20200304,20200228,15289,SO47276,782.99
371,20200221,20200304,20200228,21219,SO47277,2181.5625
379,20200221,20200304,20200228,21404,SO47278,2181.5625
362,20200221,20200304,20200228,12680,SO47279,2049.0982
352,20200222,20200305,20200229,11615,SO47280,2071.4196
389,20200222,20200305,20200229,17099,SO47281,1000.4375
381,20200222,20200305,20200229,19258,SO47282,1000.4375
373,20200222,20200305,20200229,15655,SO47283,2181.5625
368,20200222,20200305,20200229,13402,SO47284,2443.35
373,20200222,20200305,20200229,29135,SO47285,2181.5625
329,20200222,20200305,20200229,19944,SO47286,782.99
375,20200222,20200305,20200229,13280,SO47287,2181.5625
373,20200222,20200305,20200229,13353,SO47288,2181.5625
360,20200222,20200305,20200229,26297,SO47289,2049.0982
368,20200222,20200305,20200229,21558,SO47290,2443.35
371,20200223,20200306,20200301,16318,SO47291,2181.5625
379,20200223,20200306,20200301,13811,SO47292,2181.5625
385,20200223,20200306,20200301,19192,SO47293,1000.4375
383,20200223,20200306,20200301,18139,SO47294,1000.4375
387,20200223,20200306,20200301,14005,SO47295,1000.4375
385,20200223,20200306,20200301,14024,SO47296,1000.4375
377,20200223,20200306,20200301,13385,SO47297,2181.5625
371,20200223,20200306,20200301,13403,SO47298,2181.5625
369,20200223,20200306,20200301,13425,SO47299,2443.35
337,20200223,20200306,20200301,20717,SO47300,782.99
358,20200223,20200306,20200301,26292,SO47301,2049.0982
360,20200223,20200306,20200301,12670,SO47302,2049.0982
323,20200223,20200306,20200301,26029,SO47303,782.99
379,20200224,20200307,20200302,16272,SO47304,2181.5625
369,20200224,20200307,20200302,25393,SO47305,2443.35
369,20200224,20200307,20200302,28798,SO47306,2443.35
335,20200224,20200307,20200302,20711,SO47307,782.99
327,20200224,20200307,20200302,20718,SO47308,782.99
377,20200224,20200307,20200302,13316,SO47309,2181.5625
354,20200224,20200307,20200302,26303,SO47310,2071.4196
333,20200224,20200307,20200302,15252,SO47311,782.99
333,20200224,20200307,20200302,15280,SO47312,782.99
373,20200224,20200307,20200302,21231,SO47313,2181.5625
362,20200224,20200307,20200302,12673,SO47314,2049.0982
379,20200225,20200308,20200303,13840,SO47315,2181.5625
369,20200225,20200308,20200303,13361,SO47316,2443.35
379,20200225,20200308,20200303,14154,SO47317,2181.5625
375,20200225,20200308,20200303,13273,SO47318,2181.5625
370,20200225,20200308,20200303,13299,SO47319,2443.35
377,20200225,20200308,20200303,13315,SO47320,2181.5625
373,20200225,20200308,20200303,13354,SO47321,2181.5625
343,20200225,20200308,20200303,15287,SO47322,782.99
362,20200226,20200309,20200304,28529,SO47323,2049.0982
377,20200226,20200309,20200304,13400,SO47324,2181.5625
373,20200226,20200309,20200304,13278,SO47325,2181.5625
379,20200226,20200309,20200304,13288,SO47326,2181.5625
377,20200226,20200309,20200304,13304,SO47327,2181.5625
360,20200226,20200309,20200304,12681,SO47328,2049.0982
379,20200227,20200310,20200305,13367,SO47329,2181.5625
369,20200227,20200310,20200305,16324,SO47330,2443.35
333,20200227,20200310,20200305,20807,SO47331,782.99
356,20200227,20200310,20200305,20350,SO47332,2071.4196
368,20200227,20200310,20200305,21229,SO47333,2443.35
369,20200227,20200310,20200305,21557,SO47334,2443.35
356,20200227,20200310,20200305,12581,SO47335,2071.4196
339,20200227,20200310,20200305,26027,SO47336,782.99
354,20200228,20200311,20200306,28520,SO47337,2071.4196
373,20200228,20200311,20200306,16277,SO47338,2181.5625
371,20200228,20200311,20200306,15626,SO47339,2181.5625
369,20200228,20200311,20200306,13401,SO47340,2443.35
368,20200228,20200311,20200306,25104,SO47341,2443.35
360,20200228,20200311,20200306,26304,SO47342,2049.0982
379,20200228,20200311,20200306,21553,SO47343,2181.5625
354,20200228,20200311,20200306,12686,SO47344,2071.4196
356,20200228,20200311,20200306,12583,SO47345,2071.4196
360,20200228,20200311,20200306,12585,SO47346,2049.0982
321,20200228,20200311,20200306,26025,SO47347,782.99
331,20200228,20200311,20200306,26028,SO47348,782.99
321,20200229,20200312,20200307,19255,SO47460,782.99
356,20200229,20200312,20200307,26320,SO47461,2071.4196
375,20200301,20200313,20200308,15926,SO47462,2181.5625
373,20200301,20200313,20200308,14203,SO47463,2181.5625
370,20200301,20200313,20200308,16461,SO47464,2443.35
341,20200301,20200313,20200308,15303,SO47465,782.99
381,20200301,20200313,20200308,24887,SO47466,1000.4375
371,20200301,20200313,20200308,13446,SO47467,2181.5625
329,20200301,20200313,20200308,26152,SO47468,782.99
383,20200302,20200314,20200309,19301,SO47469,1000.4375
358,20200302,20200314,20200309,28685,SO47470,2049.0982
370,20200302,20200314,20200309,14539,SO47471,2443.35
379,20200302,20200314,20200309,13438,SO47472,2181.5625
369,20200302,20200314,20200309,21875,SO47473,2443.35
379,20200302,20200314,20200309,21893,SO47474,2181.5625
369,20200302,20200314,20200309,21945,SO47475,2443.35
352,20200302,20200314,20200309,12693,SO47476,2071.4196
352,20200303,20200315,20200310,28560,SO47477,2071.4196
325,20200303,20200315,20200310,20811,SO47478,782.99
331,20200303,20200315,20200310,20832,SO47479,782.99
371,20200303,20200315,20200310,21568,SO47480,2181.5625
373,20200303,20200315,20200310,21899,SO47481,2181.5625
370,20200303,20200315,20200310,21948,SO47482,2443.35
379,20200304,20200316,20200311,14424,SO47483,2181.5625
371,20200304,20200316,20200311,16452,SO47484,2181.5625
371,20200304,20200316,20200311,14524,SO47485,2181.5625
377,20200304,20200316,20200311,14538,SO47486,2181.5625
377,20200305,20200317,20200312,16427,SO47487,2181.5625
379,20200305,20200317,20200312,13426,SO47488,2181.5625
368,20200305,20200317,20200312,21888,SO47489,2443.35
371,20200305,20200317,20200312,21895,SO47490,2181.5625
369,20200306,20200318,20200313,15932,SO47491,2443.35
335,20200306,20200318,20200313,19181,SO47492,782.99
358,20200307,20200319,20200314,28569,SO47493,2049.0982
373,20200307,20200319,20200314,15927,SO47494,2181.5625
368,20200307,20200319,20200314,16196,SO47495,2443.35
371,20200307,20200319,20200314,16470,SO47496,2181.5625
370,20200307,20200319,20200314,14170,SO47497,2443.35
325,20200307,20200319,20200314,27071,SO47498,782.99
377,20200307,20200319,20200314,21572,SO47499,2181.5625
369,20200307,20200319,20200314,21951,SO47500,2443.35
360,20200307,20200319,20200314,12214,SO47501,2049.0982
383,20200308,20200320,20200315,19278,SO47502,1000.4375
383,20200308,20200320,20200315,19299,SO47503,1000.4375
360,20200308,20200320,20200315,11605,SO47504,2049.0982
352,20200308,20200320,20200315,26307,SO47505,2071.4196
354,20200308,20200320,20200315,26324,SO47506,2071.4196
333,20200308,20200320,20200315,15311,SO47507,782.99
370,20200308,20200320,20200315,21892,SO47508,2443.35
368,20200308,20200320,20200315,21957,SO47509,2443.35
352,20200308,20200320,20200315,12688,SO47510,2071.4196
375,20200309,20200321,20200316,14200,SO47511,2181.5625
373,20200309,20200321,20200316,16446,SO47512,2181.5625
368,20200309,20200321,20200316,15675,SO47513,2443.35
377,20200309,20200321,20200316,15684,SO47514,2181.5625
354,20200309,20200321,20200316,26308,SO47515,2071.4196
362,20200309,20200321,20200316,26309,SO47516,2049.0982
343,20200309,20200321,20200316,15308,SO47517,782.99
373,20200309,20200321,20200316,21946,SO47518,2181.5625
337,20200309,20200321,20200316,26153,SO47519,782.99
389,20200310,20200322,20200317,19263,SO47520,1000.4375
369,20200310,20200322,20200317,16445,SO47521,2443.35
387,20200310,20200322,20200317,14089,SO47522,1000.4375
371,20200310,20200322,20200317,13443,SO47523,2181.5625
370,20200310,20200322,20200317,21567,SO47524,2443.35
379,20200310,20200322,20200317,21889,SO47525,2181.5625
354,20200310,20200322,20200317,12215,SO47526,2071.4196
360,20200310,20200322,20200317,28559,SO47527,2049.0982
352,20200311,20200323,20200318,11598,SO47528,2071.4196
377,20200311,20200323,20200318,13429,SO47529,2181.5625
329,20200311,20200323,20200318,15312,SO47530,782.99
339,20200311,20200323,20200318,15325,SO47531,782.99
383,20200311,20200323,20200318,24888,SO47532,1000.4375
371,20200311,20200323,20200318,21886,SO47533,2181.5625
329,20200311,20200323,20200318,26148,SO47534,782.99
385,20200312,20200324,20200319,14083,SO47535,1000.4375
387,20200312,20200324,20200319,14088,SO47536,1000.4375
371,20200312,20200324,20200319,13436,SO47537,2181.5625
379,20200312,20200324,20200319,13449,SO47538,2181.5625
329,20200312,20200324,20200319,20824,SO47539,782.99
362,20200312,20200324,20200319,26326,SO47540,2049.0982
341,20200312,20200324,20200319,15314,SO47541,782.99
373,20200312,20200324,20200319,21571,SO47542,2181.5625
377,20200312,20200324,20200319,21956,SO47543,2181.5625
358,20200312,20200324,20200319,12694,SO47544,2049.0982
354,20200312,20200324,20200319,28553,SO47545,2071.4196
360,20200313,20200325,20200320,28683,SO47546,2049.0982
333,20200313,20200325,20200320,20166,SO47547,782.99
331,20200313,20200325,20200320,20834,SO47548,782.99
343,20200313,20200325,20200320,19256,SO47549,782.99
337,20200313,20200325,20200320,15290,SO47550,782.99
371,20200313,20200325,20200320,21878,SO47551,2181.5625
368,20200313,20200325,20200320,21950,SO47552,2443.35
354,20200313,20200325,20200320,12698,SO47553,2071.4196
362,20200313,20200325,20200320,12222,SO47554,2049.0982
368,20200313,20200325,20200320,15674,SO47555,2443.35
379,20200314,20200326,20200321,14701,SO47556,2181.5625
377,20200314,20200326,20200321,13431,SO47557,2181.5625
370,20200314,20200326,20200321,25981,SO47558,2443.35
362,20200314,20200326,20200321,12699,SO47559,2049.0982
325,20200315,20200327,20200322,27053,SO47560,782.99
321,20200315,20200327,20200322,15328,SO47561,782.99
377,20200315,20200327,20200322,21944,SO47562,2181.5625
368,20200315,20200327,20200322,21955,SO47563,2443.35
356,20200315,20200327,20200322,12210,SO47564,2071.4196
377,20200316,20200328,20200323,15697,SO47565,2181.5625
389,20200316,20200328,20200323,24613,SO47566,1000.4375
379,20200316,20200328,20200323,21570,SO47567,2181.5625
375,20200316,20200328,20200323,21885,SO47568,2181.5625
379,20200316,20200328,20200323,21959,SO47569,2181.5625
352,20200317,20200329,20200324,28562,SO47570,2071.4196
377,20200317,20200329,20200324,14185,SO47571,2181.5625
368,20200317,20200329,20200324,29149,SO47572,2443.35
369,20200317,20200329,20200324,13435,SO47573,2443.35
333,20200317,20200329,20200324,20171,SO47574,782.99
362,20200317,20200329,20200324,26315,SO47575,2049.0982
377,20200317,20200329,20200324,21877,SO47576,2181.5625
370,20200317,20200329,20200324,21891,SO47577,2443.35
352,20200317,20200329,20200324,12687,SO47578,2071.4196
371,20200318,20200330,20200325,16197,SO47579,2181.5625
389,20200318,20200330,20200325,14080,SO47580,1000.4375
375,20200318,20200330,20200325,29152,SO47581,2181.5625
373,20200318,20200330,20200325,13433,SO47582,2181.5625
379,20200318,20200330,20200325,13442,SO47583,2181.5625
341,20200318,20200330,20200325,19194,SO47584,782.99
329,20200318,20200330,20200325,15320,SO47585,782.99
327,20200318,20200330,20200325,15322,SO47586,782.99
371,20200318,20200330,20200325,21874,SO47587,2181.5625
379,20200319,20200331,20200326,16428,SO47588,2181.5625
383,20200319,20200331,20200326,14036,SO47589,1000.4375
356,20200319,20200331,20200326,26312,SO47590,2071.4196
360,20200319,20200331,20200326,26313,SO47591,2049.0982
385,20200319,20200331,20200326,24614,SO47592,1000.4375
325,20200319,20200331,20200326,26135,SO47593,782.99
343,20200319,20200331,20200326,26154,SO47594,782.99
369,20200320,20200401,20200327,14186,SO47595,2443.35
373,20200320,20200401,20200327,16199,SO47596,2181.5625
373,20200320,20200401,20200327,25971,SO47597,2181.5625
358,20200320,20200401,20200327,26306,SO47598,2049.0982
362,20200320,20200401,20200327,26327,SO47599,2049.0982
389,20200321,20200402,20200328,17188,SO47600,1000.4375
379,20200321,20200402,20200328,14192,SO47601,2181.5625
323,20200321,20200402,20200328,19174,SO47602,782.99
379,20200321,20200402,20200328,21562,SO47603,2181.5625
375,20200321,20200402,20200328,21876,SO47604,2181.5625
389,20200322,20200403,20200329,17187,SO47605,1000.4375
375,20200322,20200403,20200329,15928,SO47606,2181.5625
389,20200322,20200403,20200329,14081,SO47607,1000.4375
352,20200322,20200403,20200329,26322,SO47608,2071.4196
335,20200322,20200403,20200329,15309,SO47609,782.99
339,20200322,20200403,20200329,27075,SO47610,782.99
331,20200322,20200403,20200329,26140,SO47611,782.99
369,20200323,20200404,20200330,16465,SO47612,2443.35
387,20200323,20200404,20200330,14037,SO47613,1000.4375
331,20200323,20200404,20200330,15302,SO47614,782.99
343,20200323,20200404,20200330,15329,SO47615,782.99
371,20200323,20200404,20200330,21873,SO47616,2181.5625
377,20200323,20200404,20200330,21943,SO47617,2181.5625
379,20200323,20200404,20200330,21947,SO47618,2181.5625
356,20200323,20200404,20200330,12689,SO47619,2071.4196
352,20200323,20200404,20200330,12239,SO47620,2071.4196
385,20200324,20200405,20200331,14044,SO47621,1000.4375
339,20200324,20200405,20200331,20837,SO47622,782.99
369,20200324,20200405,20200331,21569,SO47623,2443.35
371,20200324,20200405,20200331,21949,SO47624,2181.5625
377,20200324,20200405,20200331,21958,SO47625,2181.5625
321,20200324,20200405,20200331,26150,SO47626,782.99
370,20200325,20200406,20200401,16444,SO47627,2443.35
369,20200325,20200406,20200401,16509,SO47628,2443.35
370,20200325,20200406,20200401,15685,SO47629,2443.35
354,20200325,20200406,20200401,26311,SO47630,2071.4196
352,20200325,20200406,20200401,26325,SO47631,2071.4196
343,20200325,20200406,20200401,27060,SO47632,782.99
371,20200325,20200406,20200401,21894,SO47633,2181.5625
356,20200325,20200406,20200401,11570,SO47634,2071.4196
354,20200325,20200406,20200401,12216,SO47635,2071.4196
331,20200325,20200406,20200401,26142,SO47636,782.99
371,20200326,20200407,20200402,13447,SO47637,2181.5625
362,20200326,20200407,20200402,26319,SO47638,2049.0982
329,20200326,20200407,20200402,15321,SO47639,782.99
354,20200327,20200408,20200403,26317,SO47640,2071.4196
321,20200327,20200408,20200403,27062,SO47641,782.99
383,20200328,20200409,20200404,17109,SO47642,1000.4375
389,20200328,20200409,20200404,19290,SO47643,1000.4375
375,20200328,20200409,20200404,15693,SO47644,2181.5625
375,20200328,20200409,20200404,14555,SO47645,2181.5625
352,20200328,20200409,20200404,20373,SO47646,2071.4196
368,20200328,20200409,20200404,21897,SO47647,2443.35
356,20200328,20200409,20200404,12263,SO47648,2071.4196
377,20200329,20200410,20200405,16447,SO47649,2181.5625
370,20200329,20200410,20200405,16512,SO47650,2443.35
377,20200329,20200410,20200405,25911,SO47651,2181.5625
333,20200329,20200410,20200405,20825,SO47652,782.99
325,20200329,20200410,20200405,20163,SO47653,782.99
387,20200329,20200410,20200405,24615,SO47654,1000.4375
385,20200329,20200410,20200405,24889,SO47655,1000.4375
368,20200329,20200410,20200405,21882,SO47656,2443.35
327,20200329,20200410,20200405,26138,SO47657,782.99
362,20200330,20200411,20200406,12283,SO47731,2049.0982
369,20200330,20200411,20200406,13452,SO47732,2443.35
375,20200330,20200411,20200406,13461,SO47733,2181.5625
333,20200330,20200411,20200406,15333,SO47734,782.99
343,20200330,20200411,20200406,27084,SO47735,782.99
358,20200330,20200411,20200406,12705,SO47736,2049.0982
356,20200330,20200411,20200406,13018,SO47737,2071.4196
327,20200330,20200411,20200406,26165,SO47738,782.99
329,20200331,20200412,20200407,20839,SO47739,782.99
325,20200331,20200412,20200407,15337,SO47740,782.99
337,20200331,20200412,20200407,15343,SO47741,782.99
375,20200331,20200412,20200407,22180,SO47742,2181.5625
362,20200331,20200412,20200407,12988,SO47743,2049.0982
360,20200331,20200412,20200407,12989,SO47744,2049.0982
360,20200331,20200412,20200407,12998,SO47745,2049.0982
358,20200331,20200412,20200407,13022,SO47746,2049.0982
371,20200401,20200413,20200408,16253,SO47747,2181.5625
352,20200401,20200413,20200408,26485,SO47748,2071.4196
371,20200401,20200413,20200408,22172,SO47749,2181.5625
369,20200401,20200413,20200408,21976,SO47750,2443.35
369,20200401,20200413,20200408,21983,SO47751,2443.35
377,20200401,20200413,20200408,21994,SO47752,2181.5625
360,20200401,20200413,20200408,13020,SO47753,2049.0982
389,20200402,20200414,20200409,14104,SO47754,1000.4375
387,20200402,20200414,20200409,17195,SO47755,1000.4375
354,20200402,20200414,20200409,12272,SO47756,2071.4196
379,20200402,20200414,20200409,16530,SO47757,2181.5625
371,20200402,20200414,20200409,16550,SO47758,2181.5625
375,20200402,20200414,20200409,14773,SO47759,2181.5625
371,20200402,20200414,20200409,13482,SO47760,2181.5625
325,20200403,20200415,20200410,20548,SO47761,782.99
352,20200403,20200415,20200410,26330,SO47762,2071.4196
379,20200403,20200415,20200410,22170,SO47763,2181.5625
356,20200404,20200416,20200411,28711,SO47764,2071.4196
360,20200404,20200416,20200411,26343,SO47765,2049.0982
358,20200404,20200416,20200411,26329,SO47766,2049.0982
381,20200404,20200416,20200411,24902,SO47767,1000.4375
371,20200404,20200416,20200411,21985,SO47768,2181.5625
360,20200404,20200416,20200411,12703,SO47769,2049.0982
343,20200404,20200416,20200411,26375,SO47770,782.99
377,20200405,20200417,20200412,22181,SO47771,2181.5625
369,20200405,20200417,20200412,22195,SO47772,2443.35
325,20200405,20200417,20200412,15345,SO47773,782.99
333,20200405,20200417,20200412,15346,SO47774,782.99
369,20200405,20200417,20200412,21980,SO47775,2443.35
352,20200405,20200417,20200412,13007,SO47776,2071.4196
339,20200405,20200417,20200412,26162,SO47777,782.99
354,20200406,20200418,20200413,12284,SO47778,2071.4196
375,20200406,20200418,20200413,16269,SO47779,2181.5625
381,20200406,20200418,20200413,14105,SO47780,1000.4375
379,20200406,20200418,20200413,25991,SO47781,2181.5625
377,20200406,20200418,20200413,22032,SO47782,2181.5625
371,20200406,20200418,20200413,22197,SO47783,2181.5625
356,20200406,20200418,20200413,13078,SO47784,2071.4196
356,20200407,20200419,20200414,28708,SO47785,2071.4196
370,20200407,20200419,20200414,14719,SO47786,2443.35
368,20200407,20200419,20200414,16585,SO47787,2443.35
379,20200408,20200420,20200415,16546,SO47788,2181.5625
375,20200408,20200420,20200415,13453,SO47789,2181.5625
371,20200408,20200420,20200415,22173,SO47790,2181.5625
358,20200408,20200420,20200415,13036,SO47791,2049.0982
369,20200409,20200421,20200416,16207,SO47792,2443.35
368,20200409,20200421,20200416,14716,SO47793,2443.35
354,20200409,20200421,20200416,20375,SO47794,2071.4196
379,20200409,20200421,20200416,22004,SO47795,2181.5625
371,20200409,20200421,20200416,21979,SO47796,2181.5625
371,20200409,20200421,20200416,21986,SO47797,2181.5625
354,20200409,20200421,20200416,13000,SO47798,2071.4196
360,20200410,20200422,20200417,12264,SO47799,2049.0982
373,20200410,20200422,20200417,14798,SO47800,2181.5625
329,20200410,20200422,20200417,20555,SO47801,782.99
341,20200410,20200422,20200417,20850,SO47802,782.99
379,20200410,20200422,20200417,22000,SO47803,2181.5625
370,20200410,20200422,20200417,22178,SO47804,2443.35
379,20200410,20200422,20200417,22198,SO47805,2181.5625
341,20200410,20200422,20200417,15348,SO47806,782.99
379,20200410,20200422,20200417,16575,SO47807,2181.5625
343,20200410,20200422,20200417,26161,SO47808,782.99
339,20200410,20200422,20200417,26187,SO47809,782.99
333,20200410,20200422,20200417,26204,SO47810,782.99
352,20200411,20200423,20200418,12271,SO47811,2071.4196
377,20200411,20200423,20200418,16252,SO47812,2181.5625
383,20200411,20200423,20200418,14098,SO47813,1000.4375
360,20200411,20200423,20200418,26338,SO47814,2049.0982
371,20200411,20200423,20200418,22033,SO47815,2181.5625
369,20200411,20200423,20200418,22174,SO47816,2443.35
371,20200411,20200423,20200418,22200,SO47817,2181.5625
325,20200411,20200423,20200418,15364,SO47818,782.99
375,20200411,20200423,20200418,21968,SO47819,2181.5625
352,20200411,20200423,20200418,13025,SO47820,2071.4196
352,20200411,20200423,20200418,13038,SO47821,2071.4196
354,20200411,20200423,20200418,13051,SO47822,2071.4196
337,20200411,20200423,20200418,26160,SO47823,782.99
368,20200412,20200424,20200419,16267,SO47824,2443.35
321,20200412,20200424,20200419,20560,SO47825,782.99
370,20200412,20200424,20200419,22168,SO47826,2443.35
370,20200412,20200424,20200419,22175,SO47827,2443.35
368,20200412,20200424,20200419,21984,SO47828,2443.35
352,20200412,20200424,20200419,12706,SO47829,2071.4196
383,20200413,20200425,20200420,19308,SO47830,1000.4375
362,20200413,20200425,20200420,12281,SO47831,2049.0982
369,20200413,20200425,20200420,13478,SO47832,2443.35
373,20200413,20200425,20200420,22031,SO47833,2181.5625
375,20200413,20200425,20200420,22196,SO47834,2181.5625
383,20200413,20200425,20200420,24904,SO47835,1000.4375
356,20200414,20200426,20200421,28707,SO47836,2071.4196
356,20200414,20200426,20200421,12277,SO47837,2071.4196
371,20200414,20200426,20200421,13456,SO47838,2181.5625
321,20200414,20200426,20200421,20838,SO47839,782.99
335,20200414,20200426,20200421,20584,SO47840,782.99
362,20200414,20200426,20200421,26490,SO47841,2049.0982
323,20200414,20200426,20200421,15338,SO47842,782.99
333,20200414,20200426,20200421,15339,SO47843,782.99
371,20200414,20200426,20200421,21996,SO47844,2181.5625
369,20200415,20200427,20200422,16206,SO47845,2443.35
368,20200415,20200427,20200422,14779,SO47846,2443.35
368,20200415,20200427,20200422,16278,SO47847,2443.35
358,20200415,20200427,20200422,26328,SO47848,2049.0982
323,20200415,20200427,20200422,15342,SO47849,782.99
321,20200415,20200427,20200422,15350,SO47850,782.99
358,20200416,20200428,20200423,26331,SO47851,2049.0982
354,20200416,20200428,20200423,26342,SO47852,2071.4196
362,20200416,20200428,20200423,26487,SO47853,2049.0982
321,20200416,20200428,20200423,15341,SO47854,782.99
354,20200416,20200428,20200423,12987,SO47855,2071.4196
362,20200416,20200428,20200423,12995,SO47856,2049.0982
360,20200416,20200428,20200423,13024,SO47857,2049.0982
385,20200417,20200429,20200424,19302,SO47858,1000.4375
358,20200417,20200429,20200424,28713,SO47859,2049.0982
352,20200417,20200429,20200424,26339,SO47860,2071.4196
356,20200417,20200429,20200424,20470,SO47861,2071.4196
379,20200417,20200429,20200424,22199,SO47862,2181.5625
323,20200417,20200429,20200424,15351,SO47863,782.99
373,20200417,20200429,20200424,21966,SO47864,2181.5625
352,20200417,20200429,20200424,12701,SO47865,2071.4196
352,20200417,20200429,20200424,12990,SO47866,2071.4196
360,20200417,20200429,20200424,12991,SO47867,2049.0982
354,20200417,20200429,20200424,13021,SO47868,2071.4196
327,20200417,20200429,20200424,26190,SO47869,782.99
383,20200418,20200430,20200425,19305,SO47870,1000.4375
371,20200418,20200430,20200425,14708,SO47871,2181.5625
379,20200418,20200430,20200425,14790,SO47872,2181.5625
383,20200418,20200430,20200425,26321,SO47873,1000.4375
373,20200418,20200430,20200425,13462,SO47874,2181.5625
375,20200418,20200430,20200425,25992,SO47875,2181.5625
339,20200418,20200430,20200425,20848,SO47876,782.99
323,20200418,20200430,20200425,20851,SO47877,782.99
358,20200418,20200430,20200425,12702,SO47878,2049.0982
387,20200419,20200501,20200426,18157,SO47879,1000.4375
360,20200419,20200501,20200426,28689,SO47880,2049.0982
379,20200419,20200501,20200426,16553,SO47881,2181.5625
375,20200419,20200501,20200426,13464,SO47882,2181.5625
352,20200419,20200501,20200426,26481,SO47883,2071.4196
370,20200419,20200501,20200426,22030,SO47884,2443.35
385,20200419,20200501,20200426,24901,SO47885,1000.4375
358,20200419,20200501,20200426,13011,SO47886,2049.0982
356,20200419,20200501,20200426,13012,SO47887,2071.4196
354,20200419,20200501,20200426,13050,SO47888,2071.4196
377,20200420,20200502,20200427,16541,SO47889,2181.5625
370,20200420,20200502,20200427,16263,SO47890,2443.35
373,20200420,20200502,20200427,16290,SO47891,2181.5625
389,20200420,20200502,20200427,26373,SO47892,1000.4375
371,20200420,20200502,20200427,25989,SO47893,2181.5625
358,20200420,20200502,20200427,26344,SO47894,2049.0982
333,20200420,20200502,20200427,15347,SO47895,782.99
389,20200421,20200503,20200428,17206,SO47896,1000.4375
377,20200421,20200503,20200428,16573,SO47897,2181.5625
323,20200421,20200503,20200428,19276,SO47898,782.99
358,20200421,20200503,20200428,12996,SO47899,2049.0982
362,20200421,20200503,20200428,13035,SO47900,2049.0982
354,20200421,20200503,20200428,13075,SO47901,2071.4196
360,20200421,20200503,20200428,13076,SO47902,2049.0982
368,20200422,20200504,20200429,14714,SO47903,2443.35
377,20200422,20200504,20200429,16562,SO47904,2181.5625
373,20200422,20200504,20200429,29336,SO47905,2181.5625
339,20200422,20200504,20200429,27082,SO47906,782.99
369,20200422,20200504,20200429,21999,SO47907,2443.35
362,20200422,20200504,20200429,20468,SO47908,2049.0982
356,20200422,20200504,20200429,12999,SO47909,2071.4196
352,20200422,20200504,20200429,13049,SO47910,2071.4196
358,20200422,20200504,20200429,13077,SO47911,2049.0982
360,20200423,20200505,20200430,28724,SO47912,2049.0982
368,20200423,20200505,20200430,29159,SO47913,2443.35
335,20200423,20200505,20200430,20556,SO47914,782.99
360,20200423,20200505,20200430,26351,SO47915,2049.0982
383,20200423,20200505,20200430,24903,SO47916,1000.4375
358,20200423,20200505,20200430,13001,SO47917,2049.0982
362,20200423,20200505,20200430,13006,SO47918,2049.0982
381,20200424,20200506,20200501,17216,SO47919,1000.4375
358,20200424,20200506,20200501,12282,SO47920,2049.0982
379,20200424,20200506,20200501,14796,SO47921,2181.5625
379,20200424,20200506,20200501,13468,SO47922,2181.5625
358,20200424,20200506,20200501,26486,SO47923,2049.0982
377,20200424,20200506,20200501,22171,SO47924,2181.5625
385,20200424,20200506,20200501,24900,SO47925,1000.4375
360,20200424,20200506,20200501,13079,SO47926,2049.0982
331,20200424,20200506,20200501,26188,SO47927,782.99
377,20200425,20200507,20200502,29154,SO47928,2181.5625
368,20200425,20200507,20200502,29281,SO47929,2443.35
377,20200425,20200507,20200502,21982,SO47930,2181.5625
370,20200426,20200508,20200503,16531,SO47931,2443.35
373,20200426,20200508,20200503,16561,SO47932,2181.5625
373,20200426,20200508,20200503,16270,SO47933,2181.5625
385,20200426,20200508,20200503,14106,SO47934,1000.4375
375,20200426,20200508,20200503,22194,SO47935,2181.5625
325,20200426,20200508,20200503,26192,SO47936,782.99
321,20200427,20200509,20200504,20549,SO47937,782.99
371,20200427,20200509,20200504,21969,SO47938,2181.5625
371,20200427,20200509,20200504,21987,SO47939,2181.5625
354,20200427,20200509,20200504,12994,SO47940,2071.4196
356,20200427,20200509,20200504,13010,SO47941,2071.4196
337,20200427,20200509,20200504,26167,SO47942,782.99
385,20200428,20200510,20200505,17196,SO47943,1000.4375
362,20200428,20200510,20200505,28690,SO47944,2049.0982
370,20200428,20200510,20200505,14791,SO47945,2443.35
369,20200428,20200510,20200505,14802,SO47946,2443.35
387,20200428,20200510,20200505,14109,SO47947,1000.4375
369,20200428,20200510,20200505,13450,SO47948,2443.35
377,20200428,20200510,20200505,13477,SO47949,2181.5625
356,20200428,20200510,20200505,26484,SO47950,2071.4196
356,20200428,20200510,20200505,12700,SO47951,2071.4196
369,20200428,20200510,20200505,22193,SO47952,2443.35
369,20200428,20200510,20200505,21974,SO47953,2443.35
323,20200428,20200510,20200505,26191,SO47954,782.99
377,20200429,20200511,20200506,16554,SO47955,2181.5625
369,20200429,20200511,20200506,16271,SO47956,2443.35
389,20200429,20200511,20200506,14095,SO47957,1000.4375
329,20200429,20200511,20200506,15349,SO47958,782.99
327,20200429,20200511,20200506,26189,SO47959,782.99
377,20200430,20200512,20200507,16588,SO48093,2181.5625
370,20200430,20200512,20200507,13657,SO48094,2443.35
333,20200430,20200512,20200507,20590,SO48095,782.99
329,20200430,20200512,20200507,15398,SO48096,782.99
369,20200430,20200512,20200507,22412,SO48097,2443.35
377,20200430,20200512,20200507,22400,SO48098,2181.5625
360,20200501,20200513,20200508,12128,SO48099,2049.0982
356,20200501,20200513,20200508,26546,SO48100,2071.4196
369,20200501,20200513,20200508,22575,SO48101,2443.35
379,20200501,20200513,20200508,22576,SO48102,2181.5625
377,20200502,20200514,20200509,16389,SO48103,2181.5625
323,20200502,20200514,20200509,20859,SO48104,782.99
356,20200502,20200514,20200509,26513,SO48105,2071.4196
360,20200502,20200514,20200509,20546,SO48106,2049.0982
370,20200502,20200514,20200509,22580,SO48107,2443.35
389,20200502,20200514,20200509,24905,SO48108,1000.4375
369,20200503,20200515,20200510,13489,SO48109,2443.35
371,20200504,20200516,20200511,16307,SO48110,2181.5625
383,20200504,20200516,20200511,14112,SO48111,1000.4375
371,20200504,20200516,20200511,13712,SO48112,2181.5625
335,20200504,20200516,20200511,20716,SO48113,782.99
321,20200504,20200516,20200511,26439,SO48114,782.99
321,20200504,20200516,20200511,26442,SO48115,782.99
381,20200505,20200517,20200512,19312,SO48116,1000.4375
377,20200505,20200517,20200512,14930,SO48117,2181.5625
377,20200505,20200517,20200512,16309,SO48118,2181.5625
371,20200505,20200517,20200512,14851,SO48119,2181.5625
325,20200505,20200517,20200512,15388,SO48120,782.99
369,20200505,20200517,20200512,22410,SO48121,2443.35
369,20200505,20200517,20200512,22207,SO48122,2443.35
360,20200505,20200517,20200512,13080,SO48123,2049.0982
327,20200505,20200517,20200512,26436,SO48124,782.99
389,20200506,20200518,20200513,14239,SO48125,1000.4375
387,20200506,20200518,20200513,14115,SO48126,1000.4375
343,20200506,20200518,20200513,20598,SO48127,782.99
352,20200506,20200518,20200513,26534,SO48128,2071.4196
377,20200506,20200518,20200513,22582,SO48129,2181.5625
368,20200507,20200519,20200514,16829,SO48130,2443.35
360,20200507,20200519,20200514,20483,SO48131,2049.0982
352,20200507,20200519,20200514,26521,SO48132,2071.4196
377,20200507,20200519,20200514,22571,SO48133,2181.5625
371,20200507,20200519,20200514,22202,SO48134,2181.5625
383,20200507,20200519,20200514,24910,SO48135,1000.4375
354,20200507,20200519,20200514,13082,SO48136,2071.4196
352,20200508,20200520,20200515,12130,SO48137,2071.4196
373,20200508,20200520,20200515,14818,SO48138,2181.5625
370,20200508,20200520,20200515,22857,SO48139,2443.35
331,20200508,20200520,20200515,15374,SO48140,782.99
354,20200509,20200521,20200516,12299,SO48141,2071.4196
362,20200509,20200521,20200516,12213,SO48142,2049.0982
327,20200509,20200521,20200516,20720,SO48143,782.99
370,20200509,20200521,20200516,16823,SO48144,2443.35
362,20200509,20200521,20200516,26491,SO48145,2049.0982
371,20200509,20200521,20200516,22578,SO48146,2181.5625
377,20200509,20200521,20200516,22845,SO48147,2181.5625
362,20200510,20200522,20200517,11614,SO48148,2049.0982
371,20200510,20200522,20200517,16298,SO48149,2181.5625
369,20200510,20200522,20200517,16822,SO48150,2443.35
333,20200510,20200522,20200517,19280,SO48151,782.99
352,20200510,20200522,20200517,26536,SO48152,2071.4196
362,20200510,20200522,20200517,26575,SO48153,2049.0982
377,20200510,20200522,20200517,22402,SO48154,2181.5625
371,20200510,20200522,20200517,22408,SO48155,2181.5625
